0.37722658984443147	ZIIIIIIIIIIIIIIIII	1
0.1092510675733591	YZZZZZZZZZZZYIIIII	1
0.1092510675733591	XZZZZZZZZZZZXIIIII	1
0.3772265898444311	IZIIIIIIIIIIIIIIII	1
0.10925106757335912	IYZZZZZZZZZZZYIIII	1
0.10925106757335912	IXZZZZZZZZZZZXIIII	1
0.4617736668362895	IIZIIIIIIIIIIIIIII	1
-0.04694083299737294	IIYZZZZZZZZZZZYIII	1
-0.04694083299737294	IIXZZZZZZZZZZZXIII	1
0.4617736668362893	IIIZIIIIIIIIIIIIII	1
-0.04694083299737293	IIIYZZZZZZZZZZZYII	1
-0.04694083299737293	IIIXZZZZZZZZZZZXII	1
0.44062851887171595	IIIIZIIIIIIIIIIIII	1
-0.07682749286672744	IIIIYZZZZZZZZZZZYI	1
-0.07682749286672744	IIIIXZZZZZZZZZZZXI	1
0.4406285188717157	IIIIIZIIIIIIIIIIII	1
-0.07682749286672744	IIIIIYZZZZZZZZZZZY	1
-0.07682749286672744	IIIIIXZZZZZZZZZZZX	1
0.3511602380097758	IIIIIIZIIIIIIIIIII	1
0.3511602380097756	IIIIIIIZIIIIIIIIII	1
0.37681795493727377	IIIIIIIIZIIIIIIIII	1
0.3768179549372739	IIIIIIIIIZIIIIIIII	1
-0.007874463175255156	IIIIIIIIIIZIIIIIII	1
-0.00787446317525526	IIIIIIIIIIIZIIIIII	1
-0.013015122975203054	IIIIIIIIIIIIZIIIII	1
-0.013015122975203334	IIIIIIIIIIIIIZIIII	1
-0.11120695124069802	IIIIIIIIIIIIIIZIII	1
-0.11120695124069807	IIIIIIIIIIIIIIIZII	1
-0.7469188623241008	IIIIIIIIIIIIIIIIZI	1
-0.7469188623241005	IIIIIIIIIIIIIIIIIZ	1
0.13097707318958662	ZZIIIIIIIIIIIIIIII	1
-0.006731558137291274	YIZZZZZZZZZZYIIIII	1
-0.006731558137291274	XIZZZZZZZZZZXIIIII	1
0.006230766206023135	YXXYIIIIIIIIIIIIII	1
-0.006230766206023135	YYXXIIIIIIIIIIIIII	1
-0.006230766206023135	XXYYIIIIIIIIIIIIII	1
0.006230766206023135	XYYXIIIIIIIIIIIIII	1
0.00400796839733057	YXIXZZZZZZZZZZYIII	1
0.00400796839733057	YYIYZZZZZZZZZZYIII	1
0.00400796839733057	XXIXZZZZZZZZZZXIII	1
0.00400796839733057	XYIYZZZZZZZZZZXIII	1
0.004609723612732037	YXIIXYIIIIIIIIIIII	1
-0.004609723612732037	YYIIXXIIIIIIIIIIII	1
-0.004609723612732037	XXIIYYIIIIIIIIIIII	1
0.004609723612732037	XYIIYXIIIIIIIIIIII	1
0.0018099443204892575	YXIIIXZZZZZZZZZZYI	1
0.0018099443204892575	YYIIIYZZZZZZZZZZYI	1
0.0018099443204892575	XXIIIXZZZZZZZZZZXI	1
0.0018099443204892575	XYIIIYZZZZZZZZZZXI	1
0.04498563995981263	YXIIIIXYIIIIIIIIII	1
-0.04498563995981263	YYIIIIXXIIIIIIIIII	1
-0.04498563995981263	XXIIIIYYIIIIIIIIII	1
0.04498563995981263	XYIIIIYXIIIIIIIIII	1
0.003463231976888148	YXIIIIIIXYIIIIIIII	1
-0.003463231976888148	YYIIIIIIXXIIIIIIII	1
-0.003463231976888148	XXIIIIIIYYIIIIIIII	1
0.003463231976888148	XYIIIIIIYXIIIIIIII	1
0.003428748134237748	YXIIIIIIIIXYIIIIII	1
-0.003428748134237748	YYIIIIIIIIXXIIIIII	1
-0.003428748134237748	XXIIIIIIIIYYIIIIII	1
0.003428748134237748	XYIIIIIIIIYXIIIIII	1
-0.006731558137291274	ZYZZZZZZZZZZZYIIII	1
-0.006731558137291274	ZXZZZZZZZZZZZXIIII	1
0.026926663386130572	YXIIIIIIIIIIXYIIII	1
-0.026926663386130572	YYIIIIIIIIIIXXIIII	1
-0.026926663386130572	XXIIIIIIIIIIYYIIII	1
0.026926663386130572	XYIIIIIIIIIIYXIIII	1
-0.00400796839733057	YXXZZZZZZZZZZZZYII	1
0.00400796839733057	YYXZZZZZZZZZZZZXII	1
0.00400796839733057	XXYZZZZZZZZZZZZYII	1
-0.00400796839733057	XYYZZZZZZZZZZZZXII	1
0.009695041033600632	YXIIIIIIIIIIIIXYII	1
-0.009695041033600632	YYIIIIIIIIIIIIXXII	1
-0.009695041033600632	XXIIIIIIIIIIIIYYII	1
0.009695041033600632	XYIIIIIIIIIIIIYXII	1
-0.0018099443204892575	YXIIXZZZZZZZZZZZZY	1
0.0018099443204892575	YYIIXZZZZZZZZZZZZX	1
0.0018099443204892575	XXIIYZZZZZZZZZZZZY	1
-0.0018099443204892575	XYIIYZZZZZZZZZZZZX	1
0.004731421225554179	YXIIIIIIIIIIIIIIXY	1
-0.004731421225554179	YYIIIIIIIIIIIIIIXX	1
-0.004731421225554179	XXIIIIIIIIIIIIIIYY	1
0.004731421225554179	XYIIIIIIIIIIIIIIYX	1
0.10592263837825847	ZIZIIIIIIIIIIIIIII	1
0.0012423514348028606	ZIYZZZZZZZZZZZYIII	1
0.0012423514348028606	ZIXZZZZZZZZZZZXIII	1
0.010599451650195189	YZIZZZZZZZZZYIIIII	1
0.010599451650195189	XZIZZZZZZZZZXIIIII	1
0.0422917218627272	YZXIXZYIIIIIIIIIII	1
0.042128403792600064	YZYIYZYIIIIIIIIIII	1
-0.00016331807012714018	YZYIXZXIIIIIIIIIII	1
-0.00016331807012714018	XZXIYZYIIIIIIIIIII	1
0.042128403792600064	XZXIXZXIIIIIIIIIII	1
0.0422917218627272	XZYIYZXIIIIIIIIIII	1
-0.0051859323044983	YZXIIIXZZZZZZZZZYI	1
-0.00028421410537653625	YZYIIIYZZZZZZZZZYI	1
0.004901718199121759	YZYIIIXZZZZZZZZZXI	1
0.004901718199121759	XZXIIIYZZZZZZZZZYI	1
-0.00028421410537653625	XZXIIIXZZZZZZZZZXI	1
-0.0051859323044983	XZYIIIYZZZZZZZZZXI	1
-0.006913135773011074	YZXIIIIIIIIIXZYIII	1
-0.00010415000328820446	YZYIIIIIIIIIYZYIII	1
0.0068089857697228705	YZYIIIIIIIIIXZXIII	1
0.0068089857697228705	XZXIIIIIIIIIYZYIII	1
-0.00010415000328820446	XZXIIIIIIIIIXZXIII	1
-0.006913135773011074	XZYIIIIIIIIIYZXIII	1
0.11215340458428161	ZIIZIIIIIIIIIIIIII	1
0.013292202919699053	YZZIZZZZZZZZYIIIII	1
0.013292202919699053	XZZIZZZZZZZZXIIIII	1
0.04850686399791436	YZZXIXYIIIIIIIIIII	1
0.04850686399791436	YZZYIYYIIIIIIIIIII	1
0.04850686399791436	XZZXIXXIIIIIIIIIII	1
0.04850686399791436	XZZYIYXIIIIIIIIIII	1
-0.006215142135187167	YZZXXZZYIIIIIIIIII	1
0.006215142135187167	YZZYXZZXIIIIIIIIII	1
0.006215142135187167	XZZXYZZYIIIIIIIIII	1
-0.006215142135187167	XZZYYZZXIIIIIIIIII	1
-0.0021547631224794355	YZZXIIIXZZZZZZZZYI	1
-0.0021547631224794355	YZZYIIIYZZZZZZZZYI	1
-0.0021547631224794355	XZZXIIIXZZZZZZZZXI	1
-0.0021547631224794355	XZZYIIIYZZZZZZZZXI	1
-0.0026927512695038643	YZYYZZZZZZZZZYIIII	1
-0.0026927512695038643	YZYXZZZZZZZZZXIIII	1
-0.0026927512695038643	XZXYZZZZZZZZZYIIII	1
-0.0026927512695038643	XZXXZZZZZZZZZXIIII	1
0.004120564094317575	YZZXIIIIIIIIIXYIII	1
0.004120564094317575	YZZYIIIIIIIIIYYIII	1
0.004120564094317575	XZZXIIIIIIIIIXXIII	1
0.004120564094317575	XZZYIIIIIIIIIYXIII	1
0.005250319832133431	ZIIYZZZZZZZZZZZYII	1
0.005250319832133431	ZIIXZZZZZZZZZZZXII	1
-0.01103369986732865	YZZXIIIIIIIIXZZYII	1
0.01103369986732865	YZZYIIIIIIIIXZZXII	1
0.01103369986732865	XZZXIIIIIIIIYZZYII	1
-0.01103369986732865	XZZYIIIIIIIIYZZXII	1
-0.0030311691820188655	YZZXIIXZZZZZZZZZZY	1
0.0030311691820188655	YZZYIIXZZZZZZZZZZX	1
0.0030311691820188655	XZZXIIYZZZZZZZZZZY	1
-0.0030311691820188655	XZZYIIYZZZZZZZZZZX	1
0.10901754154147048	ZIIIZIIIIIIIIIIIII	1
0.0067928990389209565	ZIIIYZZZZZZZZZZZYI	1
0.0067928990389209565	ZIIIXZZZZZZZZZZZXI	1
0.010178679536851733	YZZZIZZZZZZZYIIIII	1
0.010178679536851733	XZZZIZZZZZZZXIIIII	1
-0.014772279606206886	YZZZXIXZZZZZZZYIII	1
-0.0003886967138059383	YZZZYIYZZZZZZZYIII	1
0.014383582892400947	YZZZYIXZZZZZZZXIII	1
0.014383582892400947	XZZZXIYZZZZZZZYIII	1
-0.0003886967138059383	XZZZXIXZZZZZZZXIII	1
-0.014772279606206886	XZZZYIYZZZZZZZXIII	1
-0.011472176015163295	YZZZXIIIIIIIXZZZYI	1
-0.0009579023480975486	YZZZYIIIIIIIYZZZYI	1
0.010514273667065744	YZZZYIIIIIIIXZZZXI	1
0.010514273667065744	XZZZXIIIIIIIYZZZYI	1
-0.0009579023480975486	XZZZXIIIIIIIXZZZXI	1
-0.011472176015163295	XZZZYIIIIIIIYZZZXI	1
0.11362726515420252	ZIIIIZIIIIIIIIIIII	1
0.014289126871321153	YZZZZIZZZZZZYIIIII	1
0.014289126871321153	XZZZZIZZZZZZXIIIII	1
-0.006378460205314307	YZYIIYZYIIIIIIIIII	1
-0.006378460205314307	YZYIIXZXIIIIIIIIII	1
-0.006378460205314307	XZXIIYZYIIIIIIIIII	1
-0.006378460205314307	XZXIIXZXIIIIIIIIII	1
-0.00047038979176298535	YZZZZXIXZZZZZZYIII	1
-0.00047038979176298535	YZZZZYIYZZZZZZYIII	1
-0.00047038979176298535	XZZZZXIXZZZZZZXIII	1
-0.00047038979176298535	XZZZZYIYZZZZZZXIII	1
-0.004110447334469422	YZZZYYZZZZZZZYIIII	1
-0.004110447334469422	YZZZYXZZZZZZZXIIII	1
-0.004110447334469422	XZZZXYZZZZZZZYIIII	1
-0.004110447334469422	XZZZXXZZZZZZZXIIII	1
-0.0001948978636092094	YZZZZXIIIIIIIXZZYI	1
-0.0001948978636092094	YZZZZYIIIIIIIYZZYI	1
-0.0001948978636092094	XZZZZXIIIIIIIXZZXI	1
-0.0001948978636092094	XZZZZYIIIIIIIYZZXI	1
-0.014301889814443903	YZZZZXXZZZZZZZZYII	1
0.014301889814443903	YZZZZYXZZZZZZZZXII	1
0.014301889814443903	XZZZZXYZZZZZZZZYII	1
-0.014301889814443903	XZZZZYYZZZZZZZZXII	1
0.008602843359410212	ZIIIIYZZZZZZZZZZZY	1
0.008602843359410212	ZIIIIXZZZZZZZZZZZX	1
-0.011277278151554087	YZZZZXIIIIIIXZZZZY	1
0.011277278151554087	YZZZZYIIIIIIXZZZZX	1
0.011277278151554087	XZZZZXIIIIIIYZZZZY	1
-0.011277278151554087	XZZZZYIIIIIIYZZZZX	1
0.08060770364392703	ZIIIIIZIIIIIIIIIII	1
-0.022244477242600712	YZZZZZIZZZZZYIIIII	1
-0.022244477242600712	XZZZZZIZZZZZXIIIII	1
-0.000578232613443492	YZZZZZXIXZYIIIIIII	1
-0.031823062656795145	YZZZZZYIYZYIIIIIII	1
-0.031244830043351657	YZZZZZYIXZXIIIIIII	1
-0.031244830043351657	XZZZZZXIYZYIIIIIII	1
-0.031823062656795145	XZZZZZXIXZXIIIIIII	1
-0.000578232613443492	XZZZZZYIYZXIIIIIII	1
-0.000350997913566636	YZZZZZXIIIIIIIXZYI	1
-0.029405126187398573	YZZZZZYIIIIIIIYZYI	1
-0.02905412827383195	YZZZZZYIIIIIIIXZXI	1
-0.02905412827383195	XZZZZZXIIIIIIIYZYI	1
-0.029405126187398573	XZZZZZXIIIIIIIXZXI	1
-0.000350997913566636	XZZZZZYIIIIIIIYZXI	1
0.12559334360373967	ZIIIIIIZIIIIIIIIII	1
0.017729874016099136	YZZZZZZIZZZZYIIIII	1
0.017729874016099136	XZZZZZZIZZZZXIIIII	1
0.002331607791672622	YZZZZZZXIXYIIIIIII	1
0.002331607791672622	YZZZZZZYIYYIIIIIII	1
0.002331607791672622	XZZZZZZXIXXIIIIIII	1
0.002331607791672622	XZZZZZZYIYXIIIIIII	1
-0.0029098404051161146	YZZZZZZXXZZYIIIIII	1
0.0029098404051161146	YZZZZZZYXZZXIIIIII	1
0.0029098404051161146	XZZZZZZXYZZYIIIIII	1
-0.0029098404051161146	XZZZZZZYYZZXIIIIII	1
-0.03997435125869985	YZZZZZYYZZZZZYIIII	1
-0.03997435125869985	YZZZZZYXZZZZZXIIII	1
-0.03997435125869985	XZZZZZXYZZZZZYIIII	1
-0.03997435125869985	XZZZZZXXZZZZZXIIII	1
8.169307795704696e-05	YZZZYIIYZZZZZZZYII	1
8.169307795704696e-05	YZZZYIIXZZZZZZZXII	1
8.169307795704696e-05	XZZZXIIYZZZZZZZYII	1
8.169307795704696e-05	XZZZXIIXZZZZZZZXII	1
0.0034319511945423223	YZZZZZZXIIIIIIIXYI	1
0.0034319511945423223	YZZZZZZYIIIIIIIYYI	1
0.0034319511945423223	XZZZZZZXIIIIIIIXXI	1
0.0034319511945423223	XZZZZZZYIIIIIIIYXI	1
0.0018705490171028946	YZYIIIIYZZZZZZZZZY	1
0.0018705490171028946	YZYIIIIXZZZZZZZZZX	1
0.0018705490171028946	XZXIIIIYZZZZZZZZZY	1
0.0018705490171028946	XZXIIIIXZZZZZZZZZX	1
-0.0037829491081089483	YZZZZZZXIIIIIIXZZY	1
0.0037829491081089483	YZZZZZZYIIIIIIXZZX	1
0.0037829491081089483	XZZZZZZXIIIIIIYZZY	1
-0.0037829491081089483	XZZZZZZYIIIIIIYZZX	1
0.1141977660991387	ZIIIIIIIZIIIIIIIII	1
0.010156818027637873	YZZZZZZZIZZZYIIIII	1
0.010156818027637873	XZZZZZZZIZZZXIIIII	1
0.11766099807602684	ZIIIIIIIIZIIIIIIII	1
0.013066658432753977	YZZZZZZZZIZZYIIIII	1
0.013066658432753977	XZZZZZZZZIZZXIIIII	1
-0.03415467044846777	YZZZZZYIIYZYIIIIII	1
-0.03415467044846777	YZZZZZYIIXZXIIIIII	1
-0.03415467044846777	XZZZZZXIIYZYIIIIII	1
-0.03415467044846777	XZZZZZXIIXZXIIIIII	1
-0.002909840405116105	YZZZZZZZYYZZZYIIII	1
-0.002909840405116105	YZZZZZZZYXZZZXIIII	1
-0.002909840405116105	XZZZZZZZXYZZZYIIII	1
-0.002909840405116105	XZZZZZZZXXZZZXIIII	1
0.1211208048514169	ZIIIIIIIIIZIIIIIII	1
-0.004431541198985685	YZZZZZZZZZIZYIIIII	1
-0.004431541198985685	XZZZZZZZZZIZXIIIII	1
0.12454955298565465	ZIIIIIIIIIIZIIIIII	1
-0.005402423691198305	YZZZZZZZZZZIYIIIII	1
-0.005402423691198305	XZZZZZZZZZZIXIIIII	1
0.0009708824922126199	YZZZZZZZZZYYZYIIII	1
0.0009708824922126199	YZZZZZZZZZYXZXIIII	1
0.0009708824922126199	XZZZZZZZZZXYZYIIII	1
0.0009708824922126199	XZZZZZZZZZXXZXIIII	1
0.1068015173254969	ZIIIIIIIIIIIZIIIII	1
0.13372818071162748	ZIIIIIIIIIIIIZIIII	1
-0.007344188675623694	YZZZZZZZZZZZYZIIII	1
-0.007344188675623694	XZZZZZZZZZZZXZIIII	1
-0.004224714097605782	YZYIIIIIIIIIIYZYII	1
-0.004224714097605782	YZYIIIIIIIIIIXZXII	1
-0.004224714097605782	XZXIIIIIIIIIIYZYII	1
-0.004224714097605782	XZXIIIIIIIIIIXZXII	1
0.007424876764532715	YZZZZZZZZZZZZXXYII	1
-0.007424876764532715	YZZZZZZZZZZZZYXXII	1
-0.007424876764532715	XZZZZZZZZZZZZXYYII	1
0.007424876764532715	XZZZZZZZZZZZZYYXII	1
-0.0007630044844883421	YZZZYIIIIIIIIYZZZY	1
-0.0007630044844883421	YZZZYIIIIIIIIXZZZX	1
-0.0007630044844883421	XZZZXIIIIIIIIYZZZY	1
-0.0007630044844883421	XZZZXIIIIIIIIXZZZX	1
-0.00020543617734267142	YZZZZZZZZZZZZXIIXY	1
0.00020543617734267142	YZZZZZZZZZZZZYIIXX	1
0.00020543617734267142	XZZZZZZZZZZZZXIIYY	1
-0.00020543617734267142	XZZZZZZZZZZZZYIIYX	1
0.12110787986336385	ZIIIIIIIIIIIIIZIII	1
-0.0012641467358059373	YZZZZZZZZZZZYIZIII	1
-0.0012641467358059373	XZZZZZZZZZZZXIZIII	1
0.1308029208969645	ZIIIIIIIIIIIIIIZII	1
-0.008689023500338658	YZZZZZZZZZZZYIIZII	1
-0.008689023500338658	XZZZZZZZZZZZXIIZII	1
-0.032837077381940895	YZZZZZYIIIIIIIIYZY	1
-0.032837077381940895	YZZZZZYIIIIIIIIXZX	1
-0.032837077381940895	XZZZZZXIIIIIIIIYZY	1
-0.032837077381940895	XZZZZZXIIIIIIIIXZX	1
0.13727820107981822	ZIIIIIIIIIIIIIIIZI	1
-0.01099420208398556	YZZZZZZZZZZZYIIIZI	1
-0.01099420208398556	XZZZZZZZZZZZXIIIZI	1
0.1420096223053724	ZIIIIIIIIIIIIIIIIZ	1
-0.010788765906642886	YZZZZZZZZZZZYIIIIZ	1
-0.010788765906642886	XZZZZZZZZZZZXIIIIZ	1
0.11215340458428161	IZZIIIIIIIIIIIIIII	1
0.013292202919699053	IYIZZZZZZZZZZYIIII	1
0.013292202919699053	IXIZZZZZZZZZZXIIII	1
0.04850686399791436	IYXIXZZYIIIIIIIIII	1
0.04850686399791436	IYYIYZZYIIIIIIIIII	1
0.04850686399791436	IXXIXZZXIIIIIIIIII	1
0.04850686399791436	IXYIYZZXIIIIIIIIII	1
-0.006215142135187167	IYXIIXYIIIIIIIIIII	1
0.006215142135187167	IYYIIXXIIIIIIIIIII	1
0.006215142135187167	IXXIIYYIIIIIIIIIII	1
-0.006215142135187167	IXYIIYXIIIIIIIIIII	1
-0.0021547631224794355	IYXIIIXZZZZZZZZZZY	1
-0.0021547631224794355	IYYIIIYZZZZZZZZZZY	1
-0.0021547631224794355	IXXIIIXZZZZZZZZZZX	1
-0.0021547631224794355	IXYIIIYZZZZZZZZZZX	1
-0.0026927512695038643	IYXXZZZZZZZZYIIIII	1
0.0026927512695038643	IYYXZZZZZZZZXIIIII	1
0.0026927512695038643	IXXYZZZZZZZZYIIIII	1
-0.0026927512695038643	IXYYZZZZZZZZXIIIII	1
0.004120564094317575	IYXIIIIIIIIIXZZYII	1
0.004120564094317575	IYYIIIIIIIIIYZZYII	1
0.004120564094317575	IXXIIIIIIIIIXZZXII	1
0.004120564094317575	IXYIIIIIIIIIYZZXII	1
0.005250319832133431	IZYZZZZZZZZZZZYIII	1
0.005250319832133431	IZXZZZZZZZZZZZXIII	1
-0.01103369986732865	IYXIIIIIIIIIIXYIII	1
0.01103369986732865	IYYIIIIIIIIIIXXIII	1
0.01103369986732865	IXXIIIIIIIIIIYYIII	1
-0.01103369986732865	IXYIIIIIIIIIIYXIII	1
-0.0030311691820188655	IYXIIIIXZZZZZZZZYI	1
0.0030311691820188655	IYYIIIIXZZZZZZZZXI	1
0.0030311691820188655	IXXIIIIYZZZZZZZZYI	1
-0.0030311691820188655	IXYIIIIYZZZZZZZZXI	1
0.10592263837825847	IZIZIIIIIIIIIIIIII	1
0.0012423514348028606	IZIYZZZZZZZZZZZYII	1
0.0012423514348028606	IZIXZZZZZZZZZZZXII	1
0.010599451650195189	IYZIZZZZZZZZZYIIII	1
0.010599451650195189	IXZIZZZZZZZZZXIIII	1
0.0422917218627272	IYZXIXZYIIIIIIIIII	1
0.042128403792600064	IYZYIYZYIIIIIIIIII	1
-0.00016331807012714018	IYZYIXZXIIIIIIIIII	1
-0.00016331807012714018	IXZXIYZYIIIIIIIIII	1
0.042128403792600064	IXZXIXZXIIIIIIIIII	1
0.0422917218627272	IXZYIYZXIIIIIIIIII	1
-0.0051859323044983	IYZXIIIXZZZZZZZZZY	1
-0.00028421410537653625	IYZYIIIYZZZZZZZZZY	1
0.004901718199121759	IYZYIIIXZZZZZZZZZX	1
0.004901718199121759	IXZXIIIYZZZZZZZZZY	1
-0.00028421410537653625	IXZXIIIXZZZZZZZZZX	1
-0.0051859323044983	IXZYIIIYZZZZZZZZZX	1
-0.006913135773011074	IYZXIIIIIIIIIXZYII	1
-0.00010415000328820446	IYZYIIIIIIIIIYZYII	1
0.0068089857697228705	IYZYIIIIIIIIIXZXII	1
0.0068089857697228705	IXZXIIIIIIIIIYZYII	1
-0.00010415000328820446	IXZXIIIIIIIIIXZXII	1
-0.006913135773011074	IXZYIIIIIIIIIYZXII	1
0.11362726515420252	IZIIZIIIIIIIIIIIII	1
0.014289126871321153	IYZZIZZZZZZZZYIIII	1
0.014289126871321153	IXZZIZZZZZZZZXIIII	1
-0.006378460205314307	IYZYYZYIIIIIIIIIII	1
-0.006378460205314307	IYZYXZXIIIIIIIIIII	1
-0.006378460205314307	IXZXYZYIIIIIIIIIII	1
-0.006378460205314307	IXZXXZXIIIIIIIIIII	1
-0.00047038979176298535	IYZZXIXZZZZZZZZYII	1
-0.00047038979176298535	IYZZYIYZZZZZZZZYII	1
-0.00047038979176298535	IXZZXIXZZZZZZZZXII	1
-0.00047038979176298535	IXZZYIYZZZZZZZZXII	1
-0.004110447334469422	IYZZXXZZZZZZYIIIII	1
0.004110447334469422	IYZZYXZZZZZZXIIIII	1
0.004110447334469422	IXZZXYZZZZZZYIIIII	1
-0.004110447334469422	IXZZYYZZZZZZXIIIII	1
-0.0001948978636092094	IYZZXIIIIIIIXZZZZY	1
-0.0001948978636092094	IYZZYIIIIIIIYZZZZY	1
-0.0001948978636092094	IXZZXIIIIIIIXZZZZX	1
-0.0001948978636092094	IXZZYIIIIIIIYZZZZX	1
-0.014301889814443903	IYZZXIIXZZZZZZYIII	1
0.014301889814443903	IYZZYIIXZZZZZZXIII	1
0.014301889814443903	IXZZXIIYZZZZZZYIII	1
-0.014301889814443903	IXZZYIIYZZZZZZXIII	1
0.008602843359410212	IZIIYZZZZZZZZZZZYI	1
0.008602843359410212	IZIIXZZZZZZZZZZZXI	1
-0.011277278151554087	IYZZXIIIIIIIIXZZYI	1
0.011277278151554087	IYZZYIIIIIIIIXZZXI	1
0.011277278151554087	IXZZXIIIIIIIIYZZYI	1
-0.011277278151554087	IXZZYIIIIIIIIYZZXI	1
0.10901754154147048	IZIIIZIIIIIIIIIIII	1
0.0067928990389209565	IZIIIYZZZZZZZZZZZY	1
0.0067928990389209565	IZIIIXZZZZZZZZZZZX	1
0.010178679536851733	IYZZZIZZZZZZZYIIII	1
0.010178679536851733	IXZZZIZZZZZZZXIIII	1
-0.014772279606206886	IYZZZXIXZZZZZZZYII	1
-0.0003886967138059383	IYZZZYIYZZZZZZZYII	1
0.014383582892400947	IYZZZYIXZZZZZZZXII	1
0.014383582892400947	IXZZZXIYZZZZZZZYII	1
-0.0003886967138059383	IXZZZXIXZZZZZZZXII	1
-0.014772279606206886	IXZZZYIYZZZZZZZXII	1
-0.011472176015163295	IYZZZXIIIIIIIXZZZY	1
-0.0009579023480975486	IYZZZYIIIIIIIYZZZY	1
0.010514273667065744	IYZZZYIIIIIIIXZZZX	1
0.010514273667065744	IXZZZXIIIIIIIYZZZY	1
-0.0009579023480975486	IXZZZXIIIIIIIXZZZX	1
-0.011472176015163295	IXZZZYIIIIIIIYZZZX	1
0.12559334360373967	IZIIIIZIIIIIIIIIII	1
0.017729874016099136	IYZZZZIZZZZZZYIIII	1
0.017729874016099136	IXZZZZIZZZZZZXIIII	1
0.002331607791672622	IYZZZZXIXZZYIIIIII	1
0.002331607791672622	IYZZZZYIYZZYIIIIII	1
0.002331607791672622	IXZZZZXIXZZXIIIIII	1
0.002331607791672622	IXZZZZYIYZZXIIIIII	1
-0.0029098404051161146	IYZZZZXIIXYIIIIIII	1
0.0029098404051161146	IYZZZZYIIXXIIIIIII	1
0.0029098404051161146	IXZZZZXIIYYIIIIIII	1
-0.0029098404051161146	IXZZZZYIIYXIIIIIII	1
-0.03997435125869985	IYZZZZXXZZZZYIIIII	1
0.03997435125869985	IYZZZZYXZZZZXIIIII	1
0.03997435125869985	IXZZZZXYZZZZYIIIII	1
-0.03997435125869985	IXZZZZYYZZZZXIIIII	1
8.169307795704696e-05	IYZZZYYZZZZZZZYIII	1
8.169307795704696e-05	IYZZZYXZZZZZZZXIII	1
8.169307795704696e-05	IXZZZXYZZZZZZZYIII	1
8.169307795704696e-05	IXZZZXXZZZZZZZXIII	1
0.0034319511945423223	IYZZZZXIIIIIIIXZZY	1
0.0034319511945423223	IYZZZZYIIIIIIIYZZY	1
0.0034319511945423223	IXZZZZXIIIIIIIXZZX	1
0.0034319511945423223	IXZZZZYIIIIIIIYZZX	1
0.0018705490171028946	IYZYIIYZZZZZZZZZYI	1
0.0018705490171028946	IYZYIIXZZZZZZZZZXI	1
0.0018705490171028946	IXZXIIYZZZZZZZZZYI	1
0.0018705490171028946	IXZXIIXZZZZZZZZZXI	1
-0.0037829491081089483	IYZZZZXIIIIIIIIXYI	1
0.0037829491081089483	IYZZZZYIIIIIIIIXXI	1
0.0037829491081089483	IXZZZZXIIIIIIIIYYI	1
-0.0037829491081089483	IXZZZZYIIIIIIIIYXI	1
0.08060770364392703	IZIIIIIZIIIIIIIIII	1
-0.022244477242600712	IYZZZZZIZZZZZYIIII	1
-0.022244477242600712	IXZZZZZIZZZZZXIIII	1
-0.000578232613443492	IYZZZZZXIXZYIIIIII	1
-0.031823062656795145	IYZZZZZYIYZYIIIIII	1
-0.031244830043351657	IYZZZZZYIXZXIIIIII	1
-0.031244830043351657	IXZZZZZXIYZYIIIIII	1
-0.031823062656795145	IXZZZZZXIXZXIIIIII	1
-0.000578232613443492	IXZZZZZYIYZXIIIIII	1
-0.000350997913566636	IYZZZZZXIIIIIIIXZY	1
-0.029405126187398573	IYZZZZZYIIIIIIIYZY	1
-0.02905412827383195	IYZZZZZYIIIIIIIXZX	1
-0.02905412827383195	IXZZZZZXIIIIIIIYZY	1
-0.029405126187398573	IXZZZZZXIIIIIIIXZX	1
-0.000350997913566636	IXZZZZZYIIIIIIIYZX	1
0.11766099807602684	IZIIIIIIZIIIIIIIII	1
0.013066658432753977	IYZZZZZZIZZZZYIIII	1
0.013066658432753977	IXZZZZZZIZZZZXIIII	1
-0.03415467044846777	IYZZZZZYYZYIIIIIII	1
-0.03415467044846777	IYZZZZZYXZXIIIIIII	1
-0.03415467044846777	IXZZZZZXYZYIIIIIII	1
-0.03415467044846777	IXZZZZZXXZXIIIIIII	1
-0.002909840405116105	IYZZZZZZXXZZYIIIII	1
0.002909840405116105	IYZZZZZZYXZZXIIIII	1
0.002909840405116105	IXZZZZZZXYZZYIIIII	1
-0.002909840405116105	IXZZZZZZYYZZXIIIII	1
0.1141977660991387	IZIIIIIIIZIIIIIIII	1
0.010156818027637873	IYZZZZZZZIZZZYIIII	1
0.010156818027637873	IXZZZZZZZIZZZXIIII	1
0.12454955298565465	IZIIIIIIIIZIIIIIII	1
-0.005402423691198305	IYZZZZZZZZIZZYIIII	1
-0.005402423691198305	IXZZZZZZZZIZZXIIII	1
0.0009708824922126199	IYZZZZZZZZXXYIIIII	1
-0.0009708824922126199	IYZZZZZZZZYXXIIIII	1
-0.0009708824922126199	IXZZZZZZZZXYYIIIII	1
0.0009708824922126199	IXZZZZZZZZYYXIIIII	1
0.1211208048514169	IZIIIIIIIIIZIIIIII	1
-0.004431541198985685	IYZZZZZZZZZIZYIIII	1
-0.004431541198985685	IXZZZZZZZZZIZXIIII	1
0.13372818071162748	IZIIIIIIIIIIZIIIII	1
-0.007344188675623694	IYZZZZZZZZZZIYIIII	1
-0.007344188675623694	IXZZZZZZZZZZIXIIII	1
-0.004224714097605782	IYZYIIIIIIIIYZYIII	1
-0.004224714097605782	IYZYIIIIIIIIXZXIII	1
-0.004224714097605782	IXZXIIIIIIIIYZYIII	1
-0.004224714097605782	IXZXIIIIIIIIXZXIII	1
-0.007424876764532715	IYZZZZZZZZZZXIXYII	1
-0.007424876764532715	IYZZZZZZZZZZYIYYII	1
-0.007424876764532715	IXZZZZZZZZZZXIXXII	1
-0.007424876764532715	IXZZZZZZZZZZYIYXII	1
-0.0007630044844883421	IYZZZYIIIIIIYZZZYI	1
-0.0007630044844883421	IYZZZYIIIIIIXZZZXI	1
-0.0007630044844883421	IXZZZXIIIIIIYZZZYI	1
-0.0007630044844883421	IXZZZXIIIIIIXZZZXI	1
0.00020543617734267142	IYZZZZZZZZZZXIIIXY	1
0.00020543617734267142	IYZZZZZZZZZZYIIIYY	1
0.00020543617734267142	IXZZZZZZZZZZXIIIXX	1
0.00020543617734267142	IXZZZZZZZZZZYIIIYX	1
0.1068015173254969	IZIIIIIIIIIIIZIIII	1
0.1308029208969645	IZIIIIIIIIIIIIZIII	1
-0.008689023500338658	IYZZZZZZZZZZZYZIII	1
-0.008689023500338658	IXZZZZZZZZZZZXZIII	1
-0.032837077381940895	IYZZZZZYIIIIIIYZYI	1
-0.032837077381940895	IYZZZZZYIIIIIIXZXI	1
-0.032837077381940895	IXZZZZZXIIIIIIYZYI	1
-0.032837077381940895	IXZZZZZXIIIIIIXZXI	1
0.12110787986336385	IZIIIIIIIIIIIIIZII	1
-0.0012641467358059373	IYZZZZZZZZZZZYIZII	1
-0.0012641467358059373	IXZZZZZZZZZZZXIZII	1
0.1420096223053724	IZIIIIIIIIIIIIIIZI	1
-0.010788765906642886	IYZZZZZZZZZZZYIIZI	1
-0.010788765906642886	IXZZZZZZZZZZZXIIZI	1
0.13727820107981822	IZIIIIIIIIIIIIIIIZ	1
-0.01099420208398556	IYZZZZZZZZZZZYIIIZ	1
-0.01099420208398556	IXZZZZZZZZZZZXIIIZ	1
0.13807198502216467	IIZZIIIIIIIIIIIIII	1
-0.011059854476429055	IIYIZZZZZZZZZZYIII	1
-0.011059854476429055	IIXIZZZZZZZZZZXIII	1
0.08129637940676994	IIYXXYIIIIIIIIIIII	1
-0.08129637940676994	IIYYXXIIIIIIIIIIII	1
-0.08129637940676994	IIXXYYIIIIIIIIIIII	1
0.08129637940676994	IIXYYXIIIIIIIIIIII	1
-0.012016641833623661	IIYXIXZZZZZZZZZZYI	1
-0.012016641833623661	IIYYIYZZZZZZZZZZYI	1
-0.012016641833623661	IIXXIXZZZZZZZZZZXI	1
-0.012016641833623661	IIXYIYZZZZZZZZZZXI	1
0.010029543435227146	IIYXIIXYIIIIIIIIII	1
-0.010029543435227146	IIYYIIXXIIIIIIIIII	1
-0.010029543435227146	IIXXIIYYIIIIIIIIII	1
0.010029543435227146	IIXYIIYXIIIIIIIIII	1
0.010029543435227148	IIYXIIIIXYIIIIIIII	1
-0.010029543435227148	IIYYIIIIXXIIIIIIII	1
-0.010029543435227148	IIXXIIIIYYIIIIIIII	1
0.010029543435227148	IIXYIIIIYXIIIIIIII	1
0.011198331674225332	IIYXIIIIIIXYIIIIII	1
-0.011198331674225332	IIYYIIIIIIXXIIIIII	1
-0.011198331674225332	IIXXIIIIIIYYIIIIII	1
0.011198331674225332	IIXYIIIIIIYXIIIIII	1
0.011198331674225317	IIYXIIIIIIIIXYIIII	1
-0.011198331674225317	IIYYIIIIIIIIXXIIII	1
-0.011198331674225317	IIXXIIIIIIIIYYIIII	1
0.011198331674225317	IIXYIIIIIIIIYXIIII	1
-0.011059854476429055	IIZYZZZZZZZZZZZYII	1
-0.011059854476429055	IIZXZZZZZZZZZZZXII	1
0.008871043440506519	IIYXIIIIIIIIIIXYII	1
-0.008871043440506519	IIYYIIIIIIIIIIXXII	1
-0.008871043440506519	IIXXIIIIIIIIIIYYII	1
0.008871043440506519	IIXYIIIIIIIIIIYXII	1
0.012016641833623661	IIYXXZZZZZZZZZZZZY	1
-0.012016641833623661	IIYYXZZZZZZZZZZZZX	1
-0.012016641833623661	IIXXYZZZZZZZZZZZZY	1
0.012016641833623661	IIXYYZZZZZZZZZZZZX	1
0.005822231634666613	IIYXIIIIIIIIIIIIXY	1
-0.005822231634666613	IIYYIIIIIIIIIIIIXX	1
-0.005822231634666613	IIXXIIIIIIIIIIIIYY	1
0.005822231634666613	IIXYIIIIIIIIIIIIYX	1
0.059070161125466474	IIZIZIIIIIIIIIIIII	1
0.004698741399007805	IIZIYZZZZZZZZZZZYI	1
0.004698741399007805	IIZIXZZZZZZZZZZZXI	1
0.012496200526934753	IIYZIZZZZZZZZZYIII	1
0.012496200526934753	IIXZIZZZZZZZZZXIII	1
0.00010626284668956512	IIYZXIXZZZZZYIIIII	1
0.0391857069531766	IIYZYIYZZZZZYIIIII	1
0.03907944410648704	IIYZYIXZZZZZXIIIII	1
0.03907944410648704	IIXZXIYZZZZZYIIIII	1
0.0391857069531766	IIXZXIXZZZZZXIIIII	1
0.00010626284668956512	IIXZYIYZZZZZXIIIII	1
0.00010626284668956761	IIYZXIIIXZYIIIIIII	1
0.039185706953176705	IIYZYIIIYZYIIIIIII	1
0.03907944410648713	IIYZYIIIXZXIIIIIII	1
0.03907944410648713	IIXZXIIIYZYIIIIIII	1
0.039185706953176705	IIXZXIIIXZXIIIIIII	1
0.00010626284668956761	IIXZYIIIYZXIIIIIII	1
0.0030546712381634006	IIYZXIIIIIIIIIXZYI	1
0.032146232842987794	IIYZYIIIIIIIIIYZYI	1
0.0290915616048244	IIYZYIIIIIIIIIXZXI	1
0.0290915616048244	IIXZXIIIIIIIIIYZYI	1
0.032146232842987794	IIXZXIIIIIIIIIXZXI	1
0.0030546712381634006	IIXZYIIIIIIIIIYZXI	1
0.1403665405322364	IIZIIZIIIIIIIIIIII	1
-0.012314118072293635	IIYZZIZZZZZZZZYIII	1
-0.012314118072293635	IIXZZIZZZZZZZZXIII	1
-0.007686000169982533	IIYZZXIXZZZZYIIIII	1
-0.007686000169982533	IIYZZYIYZZZZYIIIII	1
-0.007686000169982533	IIXZZXIXZZZZXIIIII	1
-0.007686000169982533	IIXZZYIYZZZZXIIIII	1
-0.007686000169982549	IIYZZXIIIXYIIIIIII	1
-0.007686000169982549	IIYZZYIIIYYIIIIIII	1
-0.007686000169982549	IIXZZXIIIXXIIIIIII	1
-0.007686000169982549	IIXZZYIIIYXIIIIIII	1
0.007792263016672116	IIYZZXIIXZZYIIIIII	1
-0.007792263016672116	IIYZZYIIXZZXIIIIII	1
-0.007792263016672116	IIXZZXIIYZZYIIIIII	1
0.007792263016672116	IIXZZYIIYZZXIIIIII	1
0.0077922630166721	IIYZZXXZZZZZZYIIII	1
-0.0077922630166721	IIYZZYXZZZZZZXIIII	1
-0.0077922630166721	IIXZZXYZZZZZZYIIII	1
0.0077922630166721	IIXZZYYZZZZZZXIIII	1
0.02481031859922839	IIYZYYZZZZZZZZZYII	1
0.02481031859922839	IIYZYXZZZZZZZZZXII	1
0.02481031859922839	IIXZXYZZZZZZZZZYII	1
0.02481031859922839	IIXZXXZZZZZZZZZXII	1
-0.005406296101010377	IIYZZXIIIIIIIIIXYI	1
-0.005406296101010377	IIYZZYIIIIIIIIIYYI	1
-0.005406296101010377	IIXZZXIIIIIIIIIXXI	1
-0.005406296101010377	IIXZZYIIIIIIIIIYXI	1
-0.007317900434615862	IIZIIYZZZZZZZZZZZY	1
-0.007317900434615862	IIZIIXZZZZZZZZZZZX	1
0.008460967339173772	IIYZZXIIIIIIIIXZZY	1
-0.008460967339173772	IIYZZYIIIIIIIIXZZX	1
-0.008460967339173772	IIXZZXIIIIIIIIYZZY	1
0.008460967339173772	IIXZZYIIIIIIIIYZZX	1
0.11607300369721128	IIZIIIZIIIIIIIIIII	1
-0.006494635344831467	IIYZZZIZZZZZZZYIII	1
-0.006494635344831467	IIXZZZIZZZZZZZXIII	1
-0.0075016892903395915	IIYZZZXIIIIIXZZZYI	1
-0.006986506828741022	IIYZZZYIIIIIYZZZYI	1
0.0005151824615985662	IIYZZZYIIIIIXZZZXI	1
0.0005151824615985662	IIXZZZXIIIIIYZZZYI	1
-0.006986506828741022	IIXZZZXIIIIIXZZZXI	1
-0.0075016892903395915	IIXZZZYIIIIIYZZZXI	1
0.12610254713243843	IIZIIIIZIIIIIIIIII	1
-0.0048704753845556234	IIYZZZZIZZZZZZYIII	1
-0.0048704753845556234	IIXZZZZIZZZZZZXIII	1
0.046871707123159134	IIYZYIIYZZZZZYIIII	1
0.046871707123159134	IIYZYIIXZZZZZXIIII	1
0.046871707123159134	IIXZXIIYZZZZZYIIII	1
0.046871707123159134	IIXZXIIXZZZZZXIIII	1
-0.004966178181924137	IIYZZZZXIIIIIXZZYI	1
-0.004966178181924137	IIYZZZZYIIIIIYZZYI	1
-0.004966178181924137	IIXZZZZXIIIIIXZZXI	1
-0.004966178181924137	IIXZZZZYIIIIIYZZXI	1
-0.0016241599602758437	IIYZZZYYZZZZZZZYII	1
-0.0016241599602758437	IIYZZZYXZZZZZZZXII	1
-0.0016241599602758437	IIXZZZXYZZZZZZZYII	1
-0.0016241599602758437	IIXZZZXXZZZZZZZXII	1
-0.0025355111084154535	IIYZZZZXIIIIXZZZZY	1
0.0025355111084154535	IIYZZZZYIIIIXZZZZX	1
0.0025355111084154535	IIXZZZZXIIIIYZZZZY	1
-0.0025355111084154535	IIXZZZZYIIIIYZZZZX	1
0.11607300369721128	IIZIIIIIZIIIIIIIII	1
-0.006494635344831467	IIYZZZZZIZZZZZYIII	1
-0.006494635344831467	IIXZZZZZIZZZZZXIII	1
-0.007501689290339596	IIYZZZZZXIXZZZZZYI	1
-0.0069865068287410315	IIYZZZZZYIYZZZZZYI	1
0.0005151824615985638	IIYZZZZZYIXZZZZZXI	1
0.0005151824615985638	IIXZZZZZXIYZZZZZYI	1
-0.0069865068287410315	IIXZZZZZXIXZZZZZXI	1
-0.007501689290339596	IIXZZZZZYIYZZZZZXI	1
0.12610254713243843	IIZIIIIIIZIIIIIIII	1
-0.0048704753845556234	IIYZZZZZZIZZZZYIII	1
-0.0048704753845556234	IIXZZZZZZIZZZZXIII	1
0.046871707123159245	IIYZYIIIIYZYIIIIII	1
0.046871707123159245	IIYZYIIIIXZXIIIIII	1
0.046871707123159245	IIXZXIIIIYZYIIIIII	1
0.046871707123159245	IIXZXIIIIXZXIIIIII	1
-0.0049661781819241415	IIYZZZZZZXIXZZZZYI	1
-0.0049661781819241415	IIYZZZZZZYIYZZZZYI	1
-0.0049661781819241415	IIXZZZZZZXIXZZZZXI	1
-0.0049661781819241415	IIXZZZZZZYIYZZZZXI	1
-0.0016241599602758437	IIYZZZZZYYZZZZZYII	1
-0.0016241599602758437	IIYZZZZZYXZZZZZXII	1
-0.0016241599602758437	IIXZZZZZXYZZZZZYII	1
-0.0016241599602758437	IIXZZZZZXXZZZZZXII	1
-0.0025355111084154553	IIYZZZZZZXXZZZZZZY	1
0.0025355111084154553	IIYZZZZZZYXZZZZZZX	1
0.0025355111084154553	IIXZZZZZZXYZZZZZZY	1
-0.0025355111084154553	IIXZZZZZZYYZZZZZZX	1
0.10739981625853597	IIZIIIIIIIZIIIIIII	1
-0.0036733026285214014	IIYZZZZZZZIZZZYIII	1
-0.0036733026285214014	IIXZZZZZZZIZZZXIII	1
0.1185981479327613	IIZIIIIIIIIZIIIIII	1
0.005145304681263494	IIYZZZZZZZZIZZYIII	1
0.005145304681263494	IIXZZZZZZZZIZZXIII	1
-0.008818607309784895	IIYZZZZZZZYYZZZYII	1
-0.008818607309784895	IIYZZZZZZZYXZZZXII	1
-0.008818607309784895	IIXZZZZZZZXYZZZYII	1
-0.008818607309784895	IIXZZZZZZZXXZZZXII	1
-0.00202032864681689	IIYZZZZZYIIYZZZZZY	1
-0.00202032864681689	IIYZZZZZYIIXZZZZZX	1
-0.00202032864681689	IIXZZZZZXIIYZZZZZY	1
-0.00202032864681689	IIXZZZZZXIIXZZZZZX	1
0.10739981625853591	IIZIIIIIIIIIZIIIII	1
-0.0036733026285213632	IIYZZZZZZZZZIZYIII	1
-0.0036733026285213632	IIXZZZZZZZZZIZXIII	1
0.11859814793276124	IIZIIIIIIIIIIZIIII	1
0.005145304681263556	IIYZZZZZZZZZZIYIII	1
0.005145304681263556	IIXZZZZZZZZZZIXIII	1
-0.008818607309784917	IIYZZZZZZZZZYYZYII	1
-0.008818607309784917	IIYZZZZZZZZZYXZXII	1
-0.008818607309784917	IIXZZZZZZZZZXYZYII	1
-0.008818607309784917	IIXZZZZZZZZZXXZXII	1
-0.0020203286468168857	IIYZZZYIIIIIIYZZZY	1
-0.0020203286468168857	IIYZZZYIIIIIIXZZZX	1
-0.0020203286468168857	IIXZZZXIIIIIIYZZZY	1
-0.0020203286468168857	IIXZZZXIIIIIIXZZZX	1
0.10569255157770846	IIZIIIIIIIIIIIZIII	1
0.11456359501821498	IIZIIIIIIIIIIIIZII	1
0.004569894017213699	IIYZZZZZZZZZZZYZII	1
0.004569894017213699	IIXZZZZZZZZZZZXZII	1
0.037552528943998166	IIYZYIIIIIIIIIIYZY	1
0.037552528943998166	IIYZYIIIIIIIIIIXZX	1
0.037552528943998166	IIXZXIIIIIIIIIIYZY	1
0.037552528943998166	IIXZXIIIIIIIIIIXZX	1
0.0022972397189957596	IIYZZZZZZZZZZZZXXY	1
-0.0022972397189957596	IIYZZZZZZZZZZZZYXX	1
-0.0022972397189957596	IIXZZZZZZZZZZZZXYY	1
0.0022972397189957596	IIXZZZZZZZZZZZZYYX	1
0.1184657889530742	IIZIIIIIIIIIIIIIZI	1
0.0073044240620351	IIYZZZZZZZZZZZYIZI	1
0.0073044240620351	IIXZZZZZZZZZZZXIZI	1
0.12428802058774079	IIZIIIIIIIIIIIIIIZ	1
0.005007184343039328	IIYZZZZZZZZZZZYIIZ	1
0.005007184343039328	IIXZZZZZZZZZZZXIIZ	1
0.1403665405322364	IIIZZIIIIIIIIIIIII	1
-0.012314118072293635	IIIYIZZZZZZZZZZYII	1
-0.012314118072293635	IIIXIZZZZZZZZZZXII	1
-0.007686000169982533	IIIYXIXZZZZZZYIIII	1
-0.007686000169982533	IIIYYIYZZZZZZYIIII	1
-0.007686000169982533	IIIXXIXZZZZZZXIIII	1
-0.007686000169982533	IIIXYIYZZZZZZXIIII	1
-0.007686000169982549	IIIYXIIIXZZYIIIIII	1
-0.007686000169982549	IIIYYIIIYZZYIIIIII	1
-0.007686000169982549	IIIXXIIIXZZXIIIIII	1
-0.007686000169982549	IIIXYIIIYZZXIIIIII	1
0.007792263016672116	IIIYXIIIIXYIIIIIII	1
-0.007792263016672116	IIIYYIIIIXXIIIIIII	1
-0.007792263016672116	IIIXXIIIIYYIIIIIII	1
0.007792263016672116	IIIXYIIIIYXIIIIIII	1
0.0077922630166721	IIIYXIIXZZZZYIIIII	1
-0.0077922630166721	IIIYYIIXZZZZXIIIII	1
-0.0077922630166721	IIIXXIIYZZZZYIIIII	1
0.0077922630166721	IIIXYIIYZZZZXIIIII	1
0.02481031859922839	IIIYXXZZZZZZZZYIII	1
-0.02481031859922839	IIIYYXZZZZZZZZXIII	1
-0.02481031859922839	IIIXXYZZZZZZZZYIII	1
0.02481031859922839	IIIXYYZZZZZZZZXIII	1
-0.005406296101010377	IIIYXIIIIIIIIIXZZY	1
-0.005406296101010377	IIIYYIIIIIIIIIYZZY	1
-0.005406296101010377	IIIXXIIIIIIIIIXZZX	1
-0.005406296101010377	IIIXYIIIIIIIIIYZZX	1
-0.007317900434615862	IIIZYZZZZZZZZZZZYI	1
-0.007317900434615862	IIIZXZZZZZZZZZZZXI	1
0.008460967339173772	IIIYXIIIIIIIIIIXYI	1
-0.008460967339173772	IIIYYIIIIIIIIIIXXI	1
-0.008460967339173772	IIIXXIIIIIIIIIIYYI	1
0.008460967339173772	IIIXYIIIIIIIIIIYXI	1
0.059070161125466474	IIIZIZIIIIIIIIIIII	1
0.004698741399007805	IIIZIYZZZZZZZZZZZY	1
0.004698741399007805	IIIZIXZZZZZZZZZZZX	1
0.012496200526934753	IIIYZIZZZZZZZZZYII	1
0.012496200526934753	IIIXZIZZZZZZZZZXII	1
0.00010626284668956512	IIIYZXIXZZZZZYIIII	1
0.0391857069531766	IIIYZYIYZZZZZYIIII	1
0.03907944410648704	IIIYZYIXZZZZZXIIII	1
0.03907944410648704	IIIXZXIYZZZZZYIIII	1
0.0391857069531766	IIIXZXIXZZZZZXIIII	1
0.00010626284668956512	IIIXZYIYZZZZZXIIII	1
0.00010626284668956761	IIIYZXIIIXZYIIIIII	1
0.039185706953176705	IIIYZYIIIYZYIIIIII	1
0.03907944410648713	IIIYZYIIIXZXIIIIII	1
0.03907944410648713	IIIXZXIIIYZYIIIIII	1
0.039185706953176705	IIIXZXIIIXZXIIIIII	1
0.00010626284668956761	IIIXZYIIIYZXIIIIII	1
0.0030546712381634006	IIIYZXIIIIIIIIIXZY	1
0.032146232842987794	IIIYZYIIIIIIIIIYZY	1
0.0290915616048244	IIIYZYIIIIIIIIIXZX	1
0.0290915616048244	IIIXZXIIIIIIIIIYZY	1
0.032146232842987794	IIIXZXIIIIIIIIIXZX	1
0.0030546712381634006	IIIXZYIIIIIIIIIYZX	1
0.12610254713243843	IIIZIIZIIIIIIIIIII	1
-0.0048704753845556234	IIIYZZIZZZZZZZZYII	1
-0.0048704753845556234	IIIXZZIZZZZZZZZXII	1
0.046871707123159134	IIIYZYYZZZZZYIIIII	1
0.046871707123159134	IIIYZYXZZZZZXIIIII	1
0.046871707123159134	IIIXZXYZZZZZYIIIII	1
0.046871707123159134	IIIXZXXZZZZZXIIIII	1
-0.004966178181924137	IIIYZZXIIIIIXZZZZY	1
-0.004966178181924137	IIIYZZYIIIIIYZZZZY	1
-0.004966178181924137	IIIXZZXIIIIIXZZZZX	1
-0.004966178181924137	IIIXZZYIIIIIYZZZZX	1
-0.0016241599602758432	IIIYZZXXZZZZZZYIII	1
0.0016241599602758432	IIIYZZYXZZZZZZXIII	1
0.0016241599602758432	IIIXZZXYZZZZZZYIII	1
-0.0016241599602758432	IIIXZZYYZZZZZZXIII	1
-0.0025355111084154535	IIIYZZXIIIIIIXZZYI	1
0.0025355111084154535	IIIYZZYIIIIIIXZZXI	1
0.0025355111084154535	IIIXZZXIIIIIIYZZYI	1
-0.0025355111084154535	IIIXZZYIIIIIIYZZXI	1
0.11607300369721128	IIIZIIIZIIIIIIIIII	1
-0.006494635344831467	IIIYZZZIZZZZZZZYII	1
-0.006494635344831467	IIIXZZZIZZZZZZZXII	1
-0.0075016892903395915	IIIYZZZXIIIIIXZZZY	1
-0.006986506828741022	IIIYZZZYIIIIIYZZZY	1
0.0005151824615985662	IIIYZZZYIIIIIXZZZX	1
0.0005151824615985662	IIIXZZZXIIIIIYZZZY	1
-0.006986506828741022	IIIXZZZXIIIIIXZZZX	1
-0.0075016892903395915	IIIXZZZYIIIIIYZZZX	1
0.12610254713243843	IIIZIIIIZIIIIIIIII	1
-0.0048704753845556234	IIIYZZZZIZZZZZZYII	1
-0.0048704753845556234	IIIXZZZZIZZZZZZXII	1
0.046871707123159245	IIIYZYIIYZYIIIIIII	1
0.046871707123159245	IIIYZYIIXZXIIIIIII	1
0.046871707123159245	IIIXZXIIYZYIIIIIII	1
0.046871707123159245	IIIXZXIIXZXIIIIIII	1
-0.0049661781819241415	IIIYZZZZXIXZZZZZZY	1
-0.0049661781819241415	IIIYZZZZYIYZZZZZZY	1
-0.0049661781819241415	IIIXZZZZXIXZZZZZZX	1
-0.0049661781819241415	IIIXZZZZYIYZZZZZZX	1
-0.0016241599602758432	IIIYZZZZXXZZZZYIII	1
0.0016241599602758432	IIIYZZZZYXZZZZXIII	1
0.0016241599602758432	IIIXZZZZXYZZZZYIII	1
-0.0016241599602758432	IIIXZZZZYYZZZZXIII	1
-0.0025355111084154553	IIIYZZZZXIIXZZZZYI	1
0.0025355111084154553	IIIYZZZZYIIXZZZZXI	1
0.0025355111084154553	IIIXZZZZXIIYZZZZYI	1
-0.0025355111084154553	IIIXZZZZYIIYZZZZXI	1
0.11607300369721128	IIIZIIIIIZIIIIIIII	1
-0.006494635344831467	IIIYZZZZZIZZZZZYII	1
-0.006494635344831467	IIIXZZZZZIZZZZZXII	1
-0.007501689290339596	IIIYZZZZZXIXZZZZZY	1
-0.0069865068287410315	IIIYZZZZZYIYZZZZZY	1
0.0005151824615985638	IIIYZZZZZYIXZZZZZX	1
0.0005151824615985638	IIIXZZZZZXIYZZZZZY	1
-0.0069865068287410315	IIIXZZZZZXIXZZZZZX	1
-0.007501689290339596	IIIXZZZZZYIYZZZZZX	1
0.1185981479327613	IIIZIIIIIIZIIIIIII	1
0.005145304681263494	IIIYZZZZZZIZZZZYII	1
0.005145304681263494	IIIXZZZZZZIZZZZXII	1
-0.008818607309784895	IIIYZZZZZZXXZZYIII	1
0.008818607309784895	IIIYZZZZZZYXZZXIII	1
0.008818607309784895	IIIXZZZZZZXYZZYIII	1
-0.008818607309784895	IIIXZZZZZZYYZZXIII	1
-0.00202032864681689	IIIYZZZZZYYZZZZZYI	1
-0.00202032864681689	IIIYZZZZZYXZZZZZXI	1
-0.00202032864681689	IIIXZZZZZXYZZZZZYI	1
-0.00202032864681689	IIIXZZZZZXXZZZZZXI	1
0.10739981625853597	IIIZIIIIIIIZIIIIII	1
-0.0036733026285214014	IIIYZZZZZZZIZZZYII	1
-0.0036733026285214014	IIIXZZZZZZZIZZZXII	1
0.11859814793276124	IIIZIIIIIIIIZIIIII	1
0.005145304681263556	IIIYZZZZZZZZIZZYII	1
0.005145304681263556	IIIXZZZZZZZZIZZXII	1
-0.008818607309784917	IIIYZZZZZZZZXXYIII	1
0.008818607309784917	IIIYZZZZZZZZYXXIII	1
0.008818607309784917	IIIXZZZZZZZZXYYIII	1
-0.008818607309784917	IIIXZZZZZZZZYYXIII	1
-0.0020203286468168857	IIIYZZZYIIIIYZZZYI	1
-0.0020203286468168857	IIIYZZZYIIIIXZZZXI	1
-0.0020203286468168857	IIIXZZZXIIIIYZZZYI	1
-0.0020203286468168857	IIIXZZZXIIIIXZZZXI	1
0.10739981625853591	IIIZIIIIIIIIIZIIII	1
-0.0036733026285213632	IIIYZZZZZZZZZIZYII	1
-0.0036733026285213632	IIIXZZZZZZZZZIZXII	1
0.11456359501821498	IIIZIIIIIIIIIIZIII	1
0.004569894017213699	IIIYZZZZZZZZZZIYII	1
0.004569894017213699	IIIXZZZZZZZZZZIXII	1
0.037552528943998166	IIIYZYIIIIIIIIYZYI	1
0.037552528943998166	IIIYZYIIIIIIIIXZXI	1
0.037552528943998166	IIIXZXIIIIIIIIYZYI	1
0.037552528943998166	IIIXZXIIIIIIIIXZXI	1
-0.00229723971899576	IIIYZZZZZZZZZZXIXY	1
-0.00229723971899576	IIIYZZZZZZZZZZYIYY	1
-0.00229723971899576	IIIXZZZZZZZZZZXIXX	1
-0.00229723971899576	IIIXZZZZZZZZZZYIYX	1
0.10569255157770846	IIIZIIIIIIIIIIIZII	1
0.12428802058774079	IIIZIIIIIIIIIIIIZI	1
0.005007184343039328	IIIYZZZZZZZZZZZYZI	1
0.005007184343039328	IIIXZZZZZZZZZZZXZI	1
0.1184657889530742	IIIZIIIIIIIIIIIIIZ	1
0.0073044240620351	IIIYZZZZZZZZZZZYIZ	1
0.0073044240620351	IIIXZZZZZZZZZZZXIZ	1
0.14340886080035123	IIIIZZIIIIIIIIIIII	1
-0.0074966753695378426	IIIIYIZZZZZZZZZZYI	1
-0.0074966753695378426	IIIIXIZZZZZZZZZZXI	1
0.009115700064551757	IIIIYXXYIIIIIIIIII	1
-0.009115700064551757	IIIIYYXXIIIIIIIIII	1
-0.009115700064551757	IIIIXXYYIIIIIIIIII	1
0.009115700064551757	IIIIXYYXIIIIIIIIII	1
0.009115700064551757	IIIIYXIIXYIIIIIIII	1
-0.009115700064551757	IIIIYYIIXXIIIIIIII	1
-0.009115700064551757	IIIIXXIIYYIIIIIIII	1
0.009115700064551757	IIIIXYIIYXIIIIIIII	1
0.007014142048732986	IIIIYXIIIIXYIIIIII	1
-0.007014142048732986	IIIIYYIIIIXXIIIIII	1
-0.007014142048732986	IIIIXXIIIIYYIIIIII	1
0.007014142048732986	IIIIXYIIIIYXIIIIII	1
0.007014142048732965	IIIIYXIIIIIIXYIIII	1
-0.007014142048732965	IIIIYYIIIIIIXXIIII	1
-0.007014142048732965	IIIIXXIIIIIIYYIIII	1
0.007014142048732965	IIIIXYIIIIIIYXIIII	1
0.009723999114700906	IIIIYXIIIIIIIIXYII	1
-0.009723999114700906	IIIIYYIIIIIIIIXXII	1
-0.009723999114700906	IIIIXXIIIIIIIIYYII	1
0.009723999114700906	IIIIXYIIIIIIIIYXII	1
-0.0074966753695378426	IIIIZYZZZZZZZZZZZY	1
-0.0074966753695378426	IIIIZXZZZZZZZZZZZX	1
0.011275994623153207	IIIIYXIIIIIIIIIIXY	1
-0.011275994623153207	IIIIYYIIIIIIIIIIXX	1
-0.011275994623153207	IIIIXXIIIIIIIIIIYY	1
0.011275994623153207	IIIIXYIIIIIIIIIIYX	1
0.11930704364768897	IIIIZIZIIIIIIIIIII	1
-0.0036590474940271173	IIIIYZIZZZZZZZZZYI	1
-0.0036590474940271173	IIIIXZIZZZZZZZZZXI	1
-0.015247688929191155	IIIIYZXIIIIIXZYIII	1
-0.014605606916111067	IIIIYZYIIIIIYZYIII	1
0.0006420820130800893	IIIIYZYIIIIIXZXIII	1
0.0006420820130800893	IIIIXZXIIIIIYZYIII	1
-0.014605606916111067	IIIIXZXIIIIIXZXIII	1
-0.015247688929191155	IIIIXZYIIIIIYZXIII	1
0.12842274371224072	IIIIZIIZIIIIIIIIII	1
-0.001674230802879683	IIIIYZZIZZZZZZZZYI	1
-0.001674230802879683	IIIIXZZIZZZZZZZZXI	1
-0.014066488900952965	IIIIYZZXIIIIIXYIII	1
-0.014066488900952965	IIIIYZZYIIIIIYYIII	1
-0.014066488900952965	IIIIXZZXIIIIIXXIII	1
-0.014066488900952965	IIIIXZZYIIIIIYXIII	1
-0.0011812000282381894	IIIIYZZXIIIIXZZYII	1
0.0011812000282381894	IIIIYZZYIIIIXZZXII	1
0.0011812000282381894	IIIIXZZXIIIIYZZYII	1
-0.0011812000282381894	IIIIXZZYIIIIYZZXII	1
-0.001984816691147434	IIIIYZYYZZZZZZZZZY	1
-0.001984816691147434	IIIIYZYXZZZZZZZZZX	1
-0.001984816691147434	IIIIXZXYZZZZZZZZZY	1
-0.001984816691147434	IIIIXZXXZZZZZZZZZX	1
0.11930704364768899	IIIIZIIIZIIIIIIIII	1
-0.0036590474940271216	IIIIYZZZIZZZZZZZYI	1
-0.0036590474940271216	IIIIXZZZIZZZZZZZXI	1
-0.015247688929191185	IIIIYZZZXIXZZZYIII	1
-0.0146056069161111	IIIIYZZZYIYZZZYIII	1
0.0006420820130800897	IIIIYZZZYIXZZZXIII	1
0.0006420820130800897	IIIIXZZZXIYZZZYIII	1
-0.0146056069161111	IIIIXZZZXIXZZZXIII	1
-0.015247688929191185	IIIIXZZZYIYZZZXIII	1
0.12842274371224074	IIIIZIIIIZIIIIIIII	1
-0.0016742308028796873	IIIIYZZZZIZZZZZZYI	1
-0.0016742308028796873	IIIIXZZZZIZZZZZZXI	1
-0.014066488900952998	IIIIYZZZZXIXZZYIII	1
-0.014066488900952998	IIIIYZZZZYIYZZYIII	1
-0.014066488900952998	IIIIXZZZZXIXZZXIII	1
-0.014066488900952998	IIIIXZZZZYIYZZXIII	1
-0.0011812000282381892	IIIIYZZZZXXZZZZYII	1
0.0011812000282381892	IIIIYZZZZYXZZZZXII	1
0.0011812000282381892	IIIIXZZZZXYZZZZYII	1
-0.0011812000282381892	IIIIXZZZZYYZZZZXII	1
-0.001984816691147434	IIIIYZZZYYZZZZZZZY	1
-0.001984816691147434	IIIIYZZZYXZZZZZZZX	1
-0.001984816691147434	IIIIXZZZXYZZZZZZZY	1
-0.001984816691147434	IIIIXZZZXXZZZZZZZX	1
0.11279093691035937	IIIIZIIIIIZIIIIIII	1
0.005423350247610656	IIIIYZZZZZIZZZZZYI	1
0.005423350247610656	IIIIXZZZZZIZZZZZXI	1
0.11980507895909236	IIIIZIIIIIIZIIIIII	1
0.008627993356774631	IIIIYZZZZZZIZZZZYI	1
0.008627993356774631	IIIIXZZZZZZIZZZZXI	1
-0.0005391180151581014	IIIIYZZZYIIYZZZYII	1
-0.0005391180151581014	IIIIYZZZYIIXZZZXII	1
-0.0005391180151581014	IIIIXZZZXIIYZZZYII	1
-0.0005391180151581014	IIIIXZZZXIIXZZZXII	1
-0.003204643109163976	IIIIYZZZZZYYZZZZZY	1
-0.003204643109163976	IIIIYZZZZZYXZZZZZX	1
-0.003204643109163976	IIIIXZZZZZXYZZZZZY	1
-0.003204643109163976	IIIIXZZZZZXXZZZZZX	1
0.1127909369103593	IIIIZIIIIIIIZIIIII	1
0.005423350247610708	IIIIYZZZZZZZIZZZYI	1
0.005423350247610708	IIIIXZZZZZZZIZZZXI	1
0.11980507895909226	IIIIZIIIIIIIIZIIII	1
0.008627993356774687	IIIIYZZZZZZZZIZZYI	1
0.008627993356774687	IIIIXZZZZZZZZIZZXI	1
-0.0005391180151581012	IIIIYZYIIIIIIYZYII	1
-0.0005391180151581012	IIIIYZYIIIIIIXZXII	1
-0.0005391180151581012	IIIIXZXIIIIIIYZYII	1
-0.0005391180151581012	IIIIXZXIIIIIIXZXII	1
-0.0032046431091639774	IIIIYZZZZZZZYYZZZY	1
-0.0032046431091639774	IIIIYZZZZZZZYXZZZX	1
-0.0032046431091639774	IIIIXZZZZZZZXYZZZY	1
-0.0032046431091639774	IIIIXZZZZZZZXXZZZX	1
0.10720982971792961	IIIIZIIIIIIIIIZIII	1
0.020764063102387226	IIIIYZZZZZZZZZIZYI	1
0.020764063102387226	IIIIXZZZZZZZZZIZXI	1
0.11693382883263052	IIIIZIIIIIIIIIIZII	1
0.007356094803700982	IIIIYZZZZZZZZZZIYI	1
0.007356094803700982	IIIIXZZZZZZZZZZIXI	1
0.013407968298686245	IIIIYZZZZZZZZZYYZY	1
0.013407968298686245	IIIIYZZZZZZZZZYXZX	1
0.013407968298686245	IIIIXZZZZZZZZZXYZY	1
0.013407968298686245	IIIIXZZZZZZZZZXXZX	1
0.11761796018056897	IIIIZIIIIIIIIIIIZI	1
0.12889395480372218	IIIIZIIIIIIIIIIIIZ	1
0.015218008449353435	IIIIYZZZZZZZZZZZYZ	1
0.015218008449353435	IIIIXZZZZZZZZZZZXZ	1
0.12842274371224072	IIIIIZZIIIIIIIIIII	1
-0.001674230802879683	IIIIIYIZZZZZZZZZZY	1
-0.001674230802879683	IIIIIXIZZZZZZZZZZX	1
-0.014066488900952965	IIIIIYXIIIIIXZZYII	1
-0.014066488900952965	IIIIIYYIIIIIYZZYII	1
-0.014066488900952965	IIIIIXXIIIIIXZZXII	1
-0.014066488900952965	IIIIIXYIIIIIYZZXII	1
-0.0011812000282381894	IIIIIYXIIIIIIXYIII	1
0.0011812000282381894	IIIIIYYIIIIIIXXIII	1
0.0011812000282381894	IIIIIXXIIIIIIYYIII	1
-0.0011812000282381894	IIIIIXYIIIIIIYXIII	1
-0.001984816691147434	IIIIIYXXZZZZZZZZYI	1
0.001984816691147434	IIIIIYYXZZZZZZZZXI	1
0.001984816691147434	IIIIIXXYZZZZZZZZYI	1
-0.001984816691147434	IIIIIXYYZZZZZZZZXI	1
0.11930704364768897	IIIIIZIZIIIIIIIIII	1
-0.0036590474940271173	IIIIIYZIZZZZZZZZZY	1
-0.0036590474940271173	IIIIIXZIZZZZZZZZZX	1
-0.015247688929191155	IIIIIYZXIIIIIXZYII	1
-0.014605606916111067	IIIIIYZYIIIIIYZYII	1
0.0006420820130800893	IIIIIYZYIIIIIXZXII	1
0.0006420820130800893	IIIIIXZXIIIIIYZYII	1
-0.014605606916111067	IIIIIXZXIIIIIXZXII	1
-0.015247688929191155	IIIIIXZYIIIIIYZXII	1
0.12842274371224074	IIIIIZIIZIIIIIIIII	1
-0.0016742308028796873	IIIIIYZZIZZZZZZZZY	1
-0.0016742308028796873	IIIIIXZZIZZZZZZZZX	1
-0.014066488900952998	IIIIIYZZXIXZZZZYII	1
-0.014066488900952998	IIIIIYZZYIYZZZZYII	1
-0.014066488900952998	IIIIIXZZXIXZZZZXII	1
-0.014066488900952998	IIIIIXZZYIYZZZZXII	1
-0.0011812000282381892	IIIIIYZZXIIXZZYIII	1
0.0011812000282381892	IIIIIYZZYIIXZZXIII	1
0.0011812000282381892	IIIIIXZZXIIYZZYIII	1
-0.0011812000282381892	IIIIIXZZYIIYZZXIII	1
-0.0019848166911474335	IIIIIYZZXXZZZZZZYI	1
0.0019848166911474335	IIIIIYZZYXZZZZZZXI	1
0.0019848166911474335	IIIIIXZZXYZZZZZZYI	1
-0.0019848166911474335	IIIIIXZZYYZZZZZZXI	1
0.11930704364768899	IIIIIZIIIZIIIIIIII	1
-0.0036590474940271216	IIIIIYZZZIZZZZZZZY	1
-0.0036590474940271216	IIIIIXZZZIZZZZZZZX	1
-0.015247688929191185	IIIIIYZZZXIXZZZYII	1
-0.0146056069161111	IIIIIYZZZYIYZZZYII	1
0.0006420820130800897	IIIIIYZZZYIXZZZXII	1
0.0006420820130800897	IIIIIXZZZXIYZZZYII	1
-0.0146056069161111	IIIIIXZZZXIXZZZXII	1
-0.015247688929191185	IIIIIXZZZYIYZZZXII	1
0.11980507895909236	IIIIIZIIIIZIIIIIII	1
0.008627993356774631	IIIIIYZZZZIZZZZZZY	1
0.008627993356774631	IIIIIXZZZZIZZZZZZX	1
-0.0005391180151581014	IIIIIYZZZYYZZZYIII	1
-0.0005391180151581014	IIIIIYZZZYXZZZXIII	1
-0.0005391180151581014	IIIIIXZZZXYZZZYIII	1
-0.0005391180151581014	IIIIIXZZZXXZZZXIII	1
-0.003204643109163976	IIIIIYZZZZXXZZZZYI	1
0.003204643109163976	IIIIIYZZZZYXZZZZXI	1
0.003204643109163976	IIIIIXZZZZXYZZZZYI	1
-0.003204643109163976	IIIIIXZZZZYYZZZZXI	1
0.11279093691035937	IIIIIZIIIIIZIIIIII	1
0.005423350247610656	IIIIIYZZZZZIZZZZZY	1
0.005423350247610656	IIIIIXZZZZZIZZZZZX	1
0.11980507895909226	IIIIIZIIIIIIZIIIII	1
0.008627993356774687	IIIIIYZZZZZZIZZZZY	1
0.008627993356774687	IIIIIXZZZZZZIZZZZX	1
-0.0005391180151581012	IIIIIYZYIIIIYZYIII	1
-0.0005391180151581012	IIIIIYZYIIIIXZXIII	1
-0.0005391180151581012	IIIIIXZXIIIIYZYIII	1
-0.0005391180151581012	IIIIIXZXIIIIXZXIII	1
-0.0032046431091639774	IIIIIYZZZZZZXXZZYI	1
0.0032046431091639774	IIIIIYZZZZZZYXZZXI	1
0.0032046431091639774	IIIIIXZZZZZZXYZZYI	1
-0.0032046431091639774	IIIIIXZZZZZZYYZZXI	1
0.1127909369103593	IIIIIZIIIIIIIZIIII	1
0.005423350247610708	IIIIIYZZZZZZZIZZZY	1
0.005423350247610708	IIIIIXZZZZZZZIZZZX	1
0.11693382883263052	IIIIIZIIIIIIIIZIII	1
0.007356094803700982	IIIIIYZZZZZZZZIZZY	1
0.007356094803700982	IIIIIXZZZZZZZZIZZX	1
0.013407968298686247	IIIIIYZZZZZZZZXXYI	1
-0.013407968298686247	IIIIIYZZZZZZZZYXXI	1
-0.013407968298686247	IIIIIXZZZZZZZZXYYI	1
0.013407968298686247	IIIIIXZZZZZZZZYYXI	1
0.10720982971792961	IIIIIZIIIIIIIIIZII	1
0.020764063102387226	IIIIIYZZZZZZZZZIZY	1
0.020764063102387226	IIIIIXZZZZZZZZZIZX	1
0.12889395480372218	IIIIIZIIIIIIIIIIZI	1
0.015218008449353435	IIIIIYZZZZZZZZZZIY	1
0.015218008449353435	IIIIIXZZZZZZZZZZIX	1
0.11761796018056897	IIIIIZIIIIIIIIIIIZ	1
0.14273505255437557	IIIIIIZZIIIIIIIIII	1
0.006077316387548994	IIIIIIYXXYIIIIIIII	1
-0.006077316387548994	IIIIIIYYXXIIIIIIII	1
-0.006077316387548994	IIIIIIXXYYIIIIIIII	1
0.006077316387548994	IIIIIIXYYXIIIIIIII	1
0.0030508117012035332	IIIIIIYXIIXYIIIIII	1
-0.0030508117012035332	IIIIIIYYIIXXIIIIII	1
-0.0030508117012035332	IIIIIIXXIIYYIIIIII	1
0.0030508117012035332	IIIIIIXYIIYXIIIIII	1
0.03891086963094153	IIIIIIYXIIIIXYIIII	1
-0.03891086963094153	IIIIIIYYIIIIXXIIII	1
-0.03891086963094153	IIIIIIXXIIIIYYIIII	1
0.03891086963094153	IIIIIIXYIIIIYXIIII	1
0.004914006631581349	IIIIIIYXIIIIIIXYII	1
-0.004914006631581349	IIIIIIYYIIIIIIXXII	1
-0.004914006631581349	IIIIIIXXIIIIIIYYII	1
0.004914006631581349	IIIIIIXYIIIIIIYXII	1
0.005664149101809437	IIIIIIYXIIIIIIIIXY	1
-0.005664149101809437	IIIIIIYYIIIIIIIIXX	1
-0.005664149101809437	IIIIIIXXIIIIIIIIYY	1
0.005664149101809437	IIIIIIXYIIIIIIIIYX	1
0.12450310339172865	IIIIIIZIZIIIIIIIII	1
-0.029758434527331123	IIIIIIYZXIXZYIIIII	1
-0.028927379013031378	IIIIIIYZYIYZYIIIII	1
0.0008310555142997467	IIIIIIYZYIXZXIIIII	1
0.0008310555142997467	IIIIIIXZXIYZYIIIII	1
-0.028927379013031378	IIIIIIXZXIXZXIIIII	1
-0.029758434527331123	IIIIIIXZYIYZXIIIII	1
0.13058041977927765	IIIIIIZIIZIIIIIIII	1
-0.03280924622853465	IIIIIIYZZXIXYIIIII	1
-0.03280924622853465	IIIIIIYZZYIYYIIIII	1
-0.03280924622853465	IIIIIIXZZXIXXIIIII	1
-0.03280924622853465	IIIIIIXZZYIYXIIIII	1
0.003050811701203526	IIIIIIYZZXXZZYIIII	1
-0.003050811701203526	IIIIIIYZZYXZZXIIII	1
-0.003050811701203526	IIIIIIXZZXYZZYIIII	1
0.003050811701203526	IIIIIIXZZYYZZXIIII	1
0.1180617466860553	IIIIIIZIIIZIIIIIII	1
0.12111255838725883	IIIIIIZIIIIZIIIIII	1
0.003881867215503272	IIIIIIYZYIIYZYIIII	1
0.003881867215503272	IIIIIIYZYIIXZXIIII	1
0.003881867215503272	IIIIIIXZXIIYZYIIII	1
0.003881867215503272	IIIIIIXZXIIXZXIIII	1
0.08996542318732377	IIIIIIZIIIIIZIIIII	1
0.0005574858113627128	IIIIIIYZZZZZXIXZYI	1
0.024662219599351876	IIIIIIYZZZZZYIYZYI	1
0.02410473378798916	IIIIIIYZZZZZYIXZXI	1
0.02410473378798916	IIIIIIXZZZZZXIYZYI	1
0.024662219599351876	IIIIIIXZZZZZXIXZXI	1
0.0005574858113627128	IIIIIIXZZZZZYIYZXI	1
0.1288762928182653	IIIIIIZIIIIIIZIIII	1
-0.003548080652035636	IIIIIIYZZZZZZXIXYI	1
-0.003548080652035636	IIIIIIYZZZZZZYIYYI	1
-0.003548080652035636	IIIIIIXZZZZZZXIXXI	1
-0.003548080652035636	IIIIIIXZZZZZZYIYXI	1
0.004105566463398346	IIIIIIYZZZZZZXXZZY	1
-0.004105566463398346	IIIIIIYZZZZZZYXZZX	1
-0.004105566463398346	IIIIIIXZZZZZZXYZZY	1
0.004105566463398346	IIIIIIXZZZZZZYYZZX	1
0.11902926417511477	IIIIIIZIIIIIIIZIII	1
0.12394327080669612	IIIIIIZIIIIIIIIZII	1
0.02821030025138751	IIIIIIYZZZZZYIIYZY	1
0.02821030025138751	IIIIIIYZZZZZYIIXZX	1
0.02821030025138751	IIIIIIXZZZZZXIIYZY	1
0.02821030025138751	IIIIIIXZZZZZXIIXZX	1
0.12814574430595527	IIIIIIZIIIIIIIIIZI	1
0.13380989340776472	IIIIIIZIIIIIIIIIIZ	1
0.13058041977927765	IIIIIIIZZIIIIIIIII	1
-0.03280924622853465	IIIIIIIYXIXZZYIIII	1
-0.03280924622853465	IIIIIIIYYIYZZYIIII	1
-0.03280924622853465	IIIIIIIXXIXZZXIIII	1
-0.03280924622853465	IIIIIIIXYIYZZXIIII	1
0.003050811701203526	IIIIIIIYXIIXYIIIII	1
-0.003050811701203526	IIIIIIIYYIIXXIIIII	1
-0.003050811701203526	IIIIIIIXXIIYYIIIII	1
0.003050811701203526	IIIIIIIXYIIYXIIIII	1
0.12450310339172865	IIIIIIIZIZIIIIIIII	1
-0.029758434527331123	IIIIIIIYZXIXZYIIII	1
-0.028927379013031378	IIIIIIIYZYIYZYIIII	1
0.0008310555142997467	IIIIIIIYZYIXZXIIII	1
0.0008310555142997467	IIIIIIIXZXIYZYIIII	1
-0.028927379013031378	IIIIIIIXZXIXZXIIII	1
-0.029758434527331123	IIIIIIIXZYIYZXIIII	1
0.12111255838725883	IIIIIIIZIIZIIIIIII	1
0.003881867215503272	IIIIIIIYZYYZYIIIII	1
0.003881867215503272	IIIIIIIYZYXZXIIIII	1
0.003881867215503272	IIIIIIIXZXYZYIIIII	1
0.003881867215503272	IIIIIIIXZXXZXIIIII	1
0.1180617466860553	IIIIIIIZIIIZIIIIII	1
0.1288762928182653	IIIIIIIZIIIIZIIIII	1
-0.003548080652035636	IIIIIIIYZZZZXIXZZY	1
-0.003548080652035636	IIIIIIIYZZZZYIYZZY	1
-0.003548080652035636	IIIIIIIXZZZZXIXZZX	1
-0.003548080652035636	IIIIIIIXZZZZYIYZZX	1
0.004105566463398346	IIIIIIIYZZZZXIIXYI	1
-0.004105566463398346	IIIIIIIYZZZZYIIXXI	1
-0.004105566463398346	IIIIIIIXZZZZXIIYYI	1
0.004105566463398346	IIIIIIIXZZZZYIIYXI	1
0.08996542318732377	IIIIIIIZIIIIIZIIII	1
0.0005574858113627128	IIIIIIIYZZZZZXIXZY	1
0.024662219599351876	IIIIIIIYZZZZZYIYZY	1
0.02410473378798916	IIIIIIIYZZZZZYIXZX	1
0.02410473378798916	IIIIIIIXZZZZZXIYZY	1
0.024662219599351876	IIIIIIIXZZZZZXIXZX	1
0.0005574858113627128	IIIIIIIXZZZZZYIYZX	1
0.12394327080669612	IIIIIIIZIIIIIIZIII	1
0.02821030025138751	IIIIIIIYZZZZZYYZYI	1
0.02821030025138751	IIIIIIIYZZZZZYXZXI	1
0.02821030025138751	IIIIIIIXZZZZZXYZYI	1
0.02821030025138751	IIIIIIIXZZZZZXXZXI	1
0.11902926417511477	IIIIIIIZIIIIIIIZII	1
0.13380989340776472	IIIIIIIZIIIIIIIIZI	1
0.12814574430595527	IIIIIIIZIIIIIIIIIZ	1
0.14273505255437557	IIIIIIIIZZIIIIIIII	1
0.03891086963094173	IIIIIIIIYXXYIIIIII	1
-0.03891086963094173	IIIIIIIIYYXXIIIIII	1
-0.03891086963094173	IIIIIIIIXXYYIIIIII	1
0.03891086963094173	IIIIIIIIXYYXIIIIII	1
0.0030508117012035185	IIIIIIIIYXIIXYIIII	1
-0.0030508117012035185	IIIIIIIIYYIIXXIIII	1
-0.0030508117012035185	IIIIIIIIXXIIYYIIII	1
0.0030508117012035185	IIIIIIIIXYIIYXIIII	1
0.004914006631581349	IIIIIIIIYXIIIIXYII	1
-0.004914006631581349	IIIIIIIIYYIIIIXXII	1
-0.004914006631581349	IIIIIIIIXXIIIIYYII	1
0.004914006631581349	IIIIIIIIXYIIIIYXII	1
0.005664149101809435	IIIIIIIIYXIIIIIIXY	1
-0.005664149101809435	IIIIIIIIYYIIIIIIXX	1
-0.005664149101809435	IIIIIIIIXXIIIIIIYY	1
0.005664149101809435	IIIIIIIIXYIIIIIIYX	1
0.08996542318732369	IIIIIIIIZIZIIIIIII	1
0.0005574858113627255	IIIIIIIIYZXIIIXZYI	1
0.024662219599351963	IIIIIIIIYZYIIIYZYI	1
0.024104733787989246	IIIIIIIIYZYIIIXZXI	1
0.024104733787989246	IIIIIIIIXZXIIIYZYI	1
0.024662219599351963	IIIIIIIIXZXIIIXZXI	1
0.0005574858113627255	IIIIIIIIXZYIIIYZXI	1
0.1288762928182654	IIIIIIIIZIIZIIIIII	1
-0.003548080652035641	IIIIIIIIYZZXIIIXYI	1
-0.003548080652035641	IIIIIIIIYZZYIIIYYI	1
-0.003548080652035641	IIIIIIIIXZZXIIIXXI	1
-0.003548080652035641	IIIIIIIIXZZYIIIYXI	1
0.004105566463398353	IIIIIIIIYZZXIIXZZY	1
-0.004105566463398353	IIIIIIIIYZZYIIXZZX	1
-0.004105566463398353	IIIIIIIIXZZXIIYZZY	1
0.004105566463398353	IIIIIIIIXZZYIIYZZX	1
0.11806174668605524	IIIIIIIIZIIIZIIIII	1
0.12111255838725876	IIIIIIIIZIIIIZIIII	1
0.11902926417511477	IIIIIIIIZIIIIIZIII	1
0.12394327080669612	IIIIIIIIZIIIIIIZII	1
0.028210300251387602	IIIIIIIIYZYIIIIYZY	1
0.028210300251387602	IIIIIIIIYZYIIIIXZX	1
0.028210300251387602	IIIIIIIIXZXIIIIYZY	1
0.028210300251387602	IIIIIIIIXZXIIIIXZX	1
0.12814574430595527	IIIIIIIIZIIIIIIIZI	1
0.13380989340776472	IIIIIIIIZIIIIIIIIZ	1
0.1288762928182654	IIIIIIIIIZZIIIIIII	1
-0.003548080652035641	IIIIIIIIIYXIIIXZZY	1
-0.003548080652035641	IIIIIIIIIYYIIIYZZY	1
-0.003548080652035641	IIIIIIIIIXXIIIXZZX	1
-0.003548080652035641	IIIIIIIIIXYIIIYZZX	1
0.004105566463398353	IIIIIIIIIYXIIIIXYI	1
-0.004105566463398353	IIIIIIIIIYYIIIIXXI	1
-0.004105566463398353	IIIIIIIIIXXIIIIYYI	1
0.004105566463398353	IIIIIIIIIXYIIIIYXI	1
0.08996542318732369	IIIIIIIIIZIZIIIIII	1
0.0005574858113627255	IIIIIIIIIYZXIIIXZY	1
0.024662219599351963	IIIIIIIIIYZYIIIYZY	1
0.024104733787989246	IIIIIIIIIYZYIIIXZX	1
0.024104733787989246	IIIIIIIIIXZXIIIYZY	1
0.024662219599351963	IIIIIIIIIXZXIIIXZX	1
0.0005574858113627255	IIIIIIIIIXZYIIIYZX	1
0.12111255838725876	IIIIIIIIIZIIZIIIII	1
0.11806174668605524	IIIIIIIIIZIIIZIIII	1
0.12394327080669612	IIIIIIIIIZIIIIZIII	1
0.028210300251387602	IIIIIIIIIYZYIIYZYI	1
0.028210300251387602	IIIIIIIIIYZYIIXZXI	1
0.028210300251387602	IIIIIIIIIXZXIIYZYI	1
0.028210300251387602	IIIIIIIIIXZXIIXZXI	1
0.11902926417511477	IIIIIIIIIZIIIIIZII	1
0.13380989340776472	IIIIIIIIIZIIIIIIZI	1
0.12814574430595527	IIIIIIIIIZIIIIIIIZ	1
0.14040904589450895	IIIIIIIIIIZZIIIIII	1
0.00526234725399452	IIIIIIIIIIYXXYIIII	1
-0.00526234725399452	IIIIIIIIIIYYXXIIII	1
-0.00526234725399452	IIIIIIIIIIXXYYIIII	1
0.00526234725399452	IIIIIIIIIIXYYXIIII	1
0.016548174627238812	IIIIIIIIIIYXIIXYII	1
-0.016548174627238812	IIIIIIIIIIYYIIXXII	1
-0.016548174627238812	IIIIIIIIIIXXIIYYII	1
0.016548174627238812	IIIIIIIIIIXYIIYXII	1
0.007191611231214061	IIIIIIIIIIYXIIIIXY	1
-0.007191611231214061	IIIIIIIIIIYYIIIIXX	1
-0.007191611231214061	IIIIIIIIIIXXIIIIYY	1
0.007191611231214061	IIIIIIIIIIXYIIIIYX	1
0.1246220041325254	IIIIIIIIIIZIZIIIII	1
0.12988435138651994	IIIIIIIIIIZIIZIIII	1
0.1181601689538522	IIIIIIIIIIZIIIZIII	1
0.13470834358109102	IIIIIIIIIIZIIIIZII	1
0.1405091096664697	IIIIIIIIIIZIIIIIZI	1
0.14770072089768377	IIIIIIIIIIZIIIIIIZ	1
0.12988435138651994	IIIIIIIIIIIZZIIIII	1
0.1246220041325254	IIIIIIIIIIIZIZIIII	1
0.13470834358109102	IIIIIIIIIIIZIIZIII	1
0.1181601689538522	IIIIIIIIIIIZIIIZII	1
0.14770072089768377	IIIIIIIIIIIZIIIIZI	1
0.1405091096664697	IIIIIIIIIIIZIIIIIZ	1
0.140409045894509	IIIIIIIIIIIIZZIIII	1
0.016548174627238846	IIIIIIIIIIIIYXXYII	1
-0.016548174627238846	IIIIIIIIIIIIYYXXII	1
-0.016548174627238846	IIIIIIIIIIIIXXYYII	1
0.016548174627238846	IIIIIIIIIIIIXYYXII	1
0.007191611231214055	IIIIIIIIIIIIYXIIXY	1
-0.007191611231214055	IIIIIIIIIIIIYYIIXX	1
-0.007191611231214055	IIIIIIIIIIIIXXIIYY	1
0.007191611231214055	IIIIIIIIIIIIXYIIYX	1
0.11816016895385216	IIIIIIIIIIIIZIZIII	1
0.13470834358109102	IIIIIIIIIIIIZIIZII	1
0.1405091096664698	IIIIIIIIIIIIZIIIZI	1
0.14770072089768385	IIIIIIIIIIIIZIIIIZ	1
0.13470834358109102	IIIIIIIIIIIIIZZIII	1
0.11816016895385216	IIIIIIIIIIIIIZIZII	1
0.14770072089768385	IIIIIIIIIIIIIZIIZI	1
0.1405091096664698	IIIIIIIIIIIIIZIIIZ	1
0.14286738349455988	IIIIIIIIIIIIIIZZII	1
0.0332065391544975	IIIIIIIIIIIIIIYXXY	1
-0.0332065391544975	IIIIIIIIIIIIIIYYXX	1
-0.0332065391544975	IIIIIIIIIIIIIIXXYY	1
0.0332065391544975	IIIIIIIIIIIIIIXYYX	1
0.12102119242396156	IIIIIIIIIIIIIIZIZI	1
0.15422773157845904	IIIIIIIIIIIIIIZIIZ	1
0.15422773157845904	IIIIIIIIIIIIIIIZZI	1
0.12102119242396156	IIIIIIIIIIIIIIIZIZ	1
0.1864392043458557	IIIIIIIIIIIIIIIIZZ	1
